BIRDIE	SUBMARINO	MODELO	QTD_MEMORIA	QTD_ARMAZENAMENTO
smartphone lg optimus l7 ii dual p716 preto com dual chip, tela de 4.3”, android 4.1, câmera 8mp, 3g, wi-fi, agps, bluetooth e cartão 4gb - celular lg optimus l7 ii dual	"smartphone lg optimus l7 ii desbloqueado tim android 4.1 tela 4.3"" 4gb 3g wi-fi câmera 8mp - preto"	optimus l7	 4gb	
"smartphone samsung galaxy s4 mini duos preto com dual chip, tela 4.3"", android 4.2, câmera 8mp e processador dual core de 1.7 ghz - claro - galaxy s4 mini duos"	smartphone samsung galaxy s4 mini duos - tela 4.3 super amoled, branco gt-i9192	galaxy s4 mini		
"smartphone  samsung galaxy s5 sm-g900m branco com tela 5.1"", android 4.4, 4g, câmera 16mp e processador quad core 2.5ghz"	smartphone samsung galaxy s5 - preto	galaxy s5		
"smartphone  samsung galaxy s5 sm-g900m dourado com tela 5.1"", android 4.4, 4g, câmera 16mp e processador quad core 2.5ghz"	smartphone samsung galaxy s5 - preto	galaxy s5		
smartphone samsung galaxy pocket 2 duos sm-g110b branco com dual chip, android 4.4, wi-fi, 3g, gps, câmera 2mp, fm, mp3 e bluetooth	smartphone - samsung galaxy pocket 2 duos - branco (arm11 / 512mb ram / 4gbmicrosd / 3,3pol / 2mp /	galaxy pocket 2 duos		
"smartphone  samsung galaxy s5 duos sm-g900 preto com dual chip,tela 5.1"", android 4.4, 4g, câmera 16mp e processador quad core 2.5ghz"	smartphone samsung galaxy s5 - preto	galaxy s5		
smartphone lg g2 lite d295 branco com tela de 4.5”, dual chip, android 4.4, câmera 8mp, 3g e processador quad core de 1.2ghz	smartphone lg g2 lite d295 dual preto/ titânio	g2 lite		
"smartphone samsung galaxy young 2 duos g130m branco com tela 3.5"", dual chip, android 4.4, 3g, wi-fi, gps, rádio fm e câmera de 3mp."	smartphone samsung galaxy young 2 duos tv g130bt desbloqueado cinza	galaxy young 2 duos		
"smartphone samsung galaxy young 2 duos g130m cinza com tela 3.5"", dual chip, android 4.4, 3g, wi-fi, gps, rádio fm e câmera de 3mp."	smartphone samsung galaxy young 2 duos tv g130bt desbloqueado cinza	galaxy young 2 duos		
"smartphone samsung galaxy win 2 duos tv branco com dual chip, tela de 4.5"", tv digital, android 4.4, câm. de 5mp e processador quad core de1.2 ghz"	smartphone samsung galaxy win 2 duos g360 tv desbloqueado branco	galaxy win 2 duos		
smartphone samsung galaxy ace 4 duos g313m/ds cinza com tela de 4”, dual chip, android 4.4, câmera 5mp, 3g e processador dual core de 1ghz	smartphone samsung galaxy ace 4 duos g316m desbloqueado cinza	galaxy ace 4 duos		
"smartphone samsung galaxy a7 4g duos sm-a700fd branco com dual chip, tela 5.5"", 4g, android 4.4, câmera 13mp e processador octa core"	seminovo: samsung galaxy a7 2017 dourado usado	galaxy a7		
smartphone samsung galaxy ace 4 duos g313m/ds branco com tela de 4”, dual chip, android 4.4, câmera 5mp, 3g e processador dual core de 1ghz	smartphone samsung galaxy ace 4 duos g316m desbloqueado cinza	galaxy ace 4 duos		
"smartphone samsung galaxy e5 4g duos e500m/ds branco com dual chip, tela 5"" hd samoled, android 4.4, câmera 8mp e processador quad core 1.2ghz"	usado: samsung galaxy e5 4g duos branco muito bom - trocafone	galaxy e5		
"smartphone samsung galaxy a5 4g duos a500m/ds dourado com dual chip, tela 5"", android 4.4, câm.13mp e processador quad core 1.2ghz"	usado: samsung galaxy a5 2017 dourado muito bom - trocafone	galaxy a5		
"smartphone desbloqueado samsung galaxy s6 edge sm-g925i verde com 64gb, tela de 5.1"", android 5.0, 4g, câmera 16 mp e processador octa core"	"smartphone samsung g925i galaxy s6 edge desbloqueado vivo android 5.0 tela 5.1"" 64gb 4g 16mp - preto"	galaxy s6 edge		 64gb
"smartphone samsung galaxy s6 edge sm-g925i preto com 64gb, tela de 5.1"", android 5.0, 4g, câmera 16 mp e processador octa core"	"smartphone samsung g925i galaxy s6 edge desbloqueado vivo android 5.0 tela 5.1"" 64gb 4g 16mp - preto"	galaxy s6 edge		 64gb
"smartphone samsung galaxy s6 edge sm-g925i branco com 64gb, tela de 5.1"", android 5.0, 4g, câmera 16 mp e processador octa core"	"smartphone samsung g925i galaxy s6 edge desbloqueado vivo android 5.0 tela 5.1"" 64gb 4g 16mp - preto"	galaxy s6 edge		 64gb
"smartphone samsung galaxy win 2 duos tv g360bt cinza com dual chip, tela de 4.5"", tv digital, android 4.4, câm. de 5mp e processador quad core 1.2 ghz"	smartphone samsung galaxy win 2 duos g360 tv desbloqueado branco	galaxy win 2 duos		
"smartphone samsung galaxy win 2 duos tv g360bt branco com dual chip, tela de 4.5"", tv digital, android 4.4, câm. de 5mp e processador quad core 1.2ghz"	smartphone samsung galaxy win 2 duos g360 tv desbloqueado branco	galaxy win 2 duos		
"smartphone lg k4 indigo com 8gb, dual chip, tela de 4.5"", 4g, android 5.1, câmera 5mp e processador quad core de 1ghz"	"smartphone lg k4 novo dual chip android 6.0 marshmallow tela 5"" quadcore 8gb 4g câmera 5mp - azul"	k4	 8gb	
"smartphone lg k10 tv índigo com 16gb, dual chip, tela de 5.3"" hd, 4g, android 6.0, câmera 13mp e processador octa core de 1.14 ghz"	"celular smartphone lg k10 2017 lg-m250e 16gb tela de 5.3"" - gold black"	k10		 16gb
smartphone multilaser ms50 colors preto com tela 5.0”, dual chip, android 5.0, câmera 8mp, wi-fi, 3g, bluetooth e processador quad core de 1.3 ghz	smartphone multilaser ms50 colors preto com tela 5.0”, dual chip, android 5.0, câmera 8mp, wi-fi	ms50 colors		
smartphone multilaser ms50 colors branco com tela 5.0”, dual chip, android 5.0, câmera 8mp, wi-fi, 3g, bluetooth e processador quad core de 1.3 ghz	smartphone multilaser ms50 colors preto com tela 5.0”, dual chip, android 5.0, câmera 8mp, wi-fi	ms50 colors		
smartphone asus zenfone 2 ze551ml, 4g android 5.0 intel quad core 2.3ghz 16gb câmera 13mp tela 5.5, dourado	"smartphone asus zenfone 2 laser desbloqueado dual chip android 5.0 tela 5.5"" 16gb 4g 13mp - dourado"	zenfone 2		 16gb
"smartphone samsung galaxy j2 prime tv dourado com 8gb, dual chip, tela 5"", tv digital, 4g, câmera 8mp, android 6.0 e processador quad core de 1.4 ghz"	"smartphone samsung galaxy j2 prime tv dual chip android tela 5""  8gb 4g câmera 8mp - rosê"	galaxy j2 prime	 8gb	
"smartphone samsung galaxy j2 prime tv preto com 8gb, dual chip, tela 5"", tv digital, 4g, câmera 8mp, android 6.0 e processador quad core de 1.4 ghz"	"smartphone samsung galaxy j2 prime tv dual chip android tela 5""  8gb 4g câmera 8mp - rosê"	galaxy j2 prime	 8gb	
"smartphone lg k10 novo m250ds titânio com 32gb, dual chip, tela de 5.3"" hd, 4g, android 7.0, câmera 13mp e processador octa core de 1.5 ghz"	"smartphone lg k10 pro dual chip android 7.0 tela 5.7"" octacore 1.5 ghz 32gb 4g câmera 13mp - dourado"	k10		 32gb
"smartphone lg k10 novo m250ds preto com 32gb, dual chip, tela de 5.3"" hd, 4g, android 7.0, câmera 13mp e processador octa core de 1.5 ghz"	"smartphone lg k10 pro dual chip android 7.0 tela 5.7"" octacore 1.5 ghz 32gb 4g câmera 13mp - dourado"	k10		 32gb
"smartphone lg k10 m250ds novo dourado com 32gb, dual chip, tela de 5.3"" hd, 4g, android 7.0, câmera 13mp e processador octa core de 1.5 ghz"	"smartphone lg k10 pro dual chip android 7.0 tela 5.7"" octacore 1.5 ghz 32gb 4g câmera 13mp - dourado"	k10		 32gb
smartphone lg k10 tv power índigo com 32gb, dual chip, tela de 5,5”, hd, tv digital, 4g, android 7.0, câmera 13mp e processador octa core de 1.5 ghz	"smartphone lg k10 pro dual chip android 7.0 tela 5.7"" octacore 1.5 ghz 32gb 4g câmera 13mp - dourado"	k10		 32gb
"smartphone lg k10 tv power titânio com 32gb, dual chip, tela de 5.5"" hd, tv digital, 4g, android 7.0, câmera 13mp e processador octa core de 1.5 ghz"	"smartphone lg k10 pro dual chip android 7.0 tela 5.7"" octacore 1.5 ghz 32gb 4g câmera 13mp - dourado"	k10		 32gb
"smartphone lg k10 pro lgm400df titânio com 32gb, dual chip, tela de 5.7"" hd, android 7.0, câmera 13mp e processador octa core de 1.5 ghz"	"smartphone lg k10 pro dual chip android 7.0 tela 5.7"" octacore 1.5 ghz 32gb 4g câmera 13mp - dourado"	k10		 32gb
smartphone asus zenfone 3 max zc553kl cinza com 32gb, tela de 5.5, dual chip, android 6.0, 4g, câmera 16mp, processador octa-core e 3gb de ram	smartphone asus zenfone 3 max 32gb tela 5.5 3gb ram zc553kl	zenfone 3	 3gb	 32gb
smartphone samsung galaxy s8 plus dual chip prata com 64gb, tela 6.2”, android 7.0, 4g, câmera 12mp e octa-core	usado: samsung galaxy s8 plus 64gb preto muito bom - trocafone	galaxy s8		 64gb
"smartphone samsung galaxy s8 plus dual chip ametista com 64gb, tela 6.2"", android 7.0, 4g, câmera 12mp e octa-core"	usado: samsung galaxy s8 plus 64gb preto muito bom - trocafone	galaxy s8		 64gb
smartphone samsung galaxy s8 plus dual chip preto com 64gb, tela 6.2”, android 7.0, 4g, câmera 12mp e octa-core	usado: samsung galaxy s8 plus 64gb preto muito bom - trocafone	galaxy s8		 64gb
smartphone asus zenfone 3 zoom ze553kl preto com 64gb, tela 5.5, dual chip, android 6.0, 4g, câmera dual 12mp, processador octa-core e 4gb de ram	smartphone asus zenfone 3 zoom tela 5.5 ze553kl 4gb ram 64gb preto	zenfone 3	 4gb	 64gb
smartphone motorola moto c plus xt1726 ouro com 8gb, tela 5'', tv digital, dual chip, android 7.0, 4g, câmera 8mp, processador quad-core e 1gb de ram	"smartphone motorola moto c plus dual chip android 7.0 nougat tela 5"" quad-core 1.3ghz 8gb 4g câmera 8mp - ouro"	moto c plus	 8gb	
smartphone motorola moto z2 play power edition ouro 64gb, tela 5.5'', dual chip, câmera 12mp, android 7.1, processador octa-core e 4gb de ram	smartphone moto z2 play 64gb 4gb dual chip - dourado	moto z2	 4gb	 64gb
smartphone motorola moto z2 play sound edition platinum 64gb, tela 5.5'', dual chip, câmera 12mp, android 7.1, processador octa-core e 4gb de ram	smartphone moto z2 play 64gb 4gb dual chip - dourado	moto z2	 4gb	 64gb
smartphone motorola moto z2 play sound edition ouro 64gb, tela 5.5'', dual chip, câmera 12mp, android 7.1, processador octa-core e 4gb de ram	smartphone moto z2 play 64gb 4gb dual chip - dourado	moto z2	 4gb	 64gb
smartphone motorola moto z2 play projector edition platinum 64gb, tela 5.5'', dual chip, câmera 12mp, android 7.1, processador octa-core e 4gb de ram	smartphone moto z2 play 64gb 4gb dual chip - dourado	moto z2	 4gb	 64gb
smartphone motorola moto z2 play xt1710 ouro com 64gb, tela de 5.5'', dual chip, câmera 12mp, android 7.1, processador octa-core e 4gb de ram	smartphone moto z2 play 64gb 4gb dual chip - dourado	moto z2	 4gb	 64gb
smartphone motorola moto z2 play xt1710 platinum com 64gb, tela de 5.5'', dual chip, câmera 12mp, android 7.1, processador octa-core e 4gb de ram	smartphone moto z2 play 64gb 4gb dual chip - dourado	moto z2	 4gb	 64gb
smartphone motorola moto z2 play power edition platinum 64gb, tela 5.5'', dual chip, câmera 12mp, android 7.1, processador octa-core e 4gb de ram	smartphone moto z2 play 64gb 4gb dual chip - dourado	moto z2	 4gb	 64gb
smartphone motorola moto z2 play xt1710 azul topázio com 64gb, tela de 5.5'', dual chip, câmera 12mp, android 7.1, processador octa-core e 4gb de ram	smartphone moto z2 play 64gb 4gb dual chip - dourado	moto z2	 4gb	 64gb
smartphone asus zenfone 3 zoom ze553kl prata com 32gb, tela 5.5, dual chip, android 6.0, 4g, câmera dual 12mp, processador octa-core e 3gb de ram	smartphone asus zenfone 3 max 32gb tela 5.5 3gb ram zc553kl	zenfone 3	 3gb	 32gb
smartphone asus zenfone 3 zoom ze553kl rosa com 64gb, tela 5.5, dual chip, android 6.0, 4g, câmera dual 12mp, processador octa-core e 4gb de ram	smartphone asus zenfone 3 zoom tela 5.5 ze553kl 4gb ram 64gb preto	zenfone 3	 4gb	 64gb
"smartphone samsung galaxy j7 neo dourado com 16gb, tela 5.5"", câmera 13mp, tv digital hd, dual chip, android, 7.0, processador octa core e 2gb ram"	samsung galaxy j7 neo 5.5 android 16gb 2gb ram câmera 13mp 5mp frontal flash led dual chip	galaxy j7	 2gb	 16gb
"smartphone samsung galaxy j7 neo preto com 16gb, tela 5.5"", câmera 13mp, tv digital hd, dual chip, android, 7.0, processador octa core e 2gb ram"	samsung galaxy j7 neo 5.5 android 16gb 2gb ram câmera 13mp 5mp frontal flash led dual chip	galaxy j7	 2gb	 16gb
smartphone lg k4 novo, titânio, x230ds,tela de 5´´, 8gb, 8mp, oi	"smartphone lg k4 novo dual chip android 6.0 marshmallow tela 5"" quadcore 8gb 4g câmera 5mp - azul"	k4	 8gb	
smartphone samsung galaxy on7 g600fy 4g, dual, tela de 5.5 polegadas, 16gb, câmera de 13mp e android 5.1	celular samsung j2 core preto 16gb 5 android 8.1 8mp 4g			 16gb
"smartphone asus zenfone 3 zoom ze553kl prata 64gb, tela 5.5"", dual chip, câmera 13mp, 4g, android 6.0, processador octa-core e ram de 4gb"	usado: asus zenfone 3 64gb dourado excelente - trocafone	zenfone 3		 64gb
smartphone lg q6+ platinum com 64gb, tela 5.5”, android 7.0, 4g, câmera 13mp, processador octa-core e 4gb de ram	phonestation meizu m6 note preto, tela 5.5”, 4gb ram, 64gb, 4000 mah, câmara dupl		 4gb	 64gb
smartphone motorola moto g5s plus xt1802 platinum 32gb, tela 5.5'', dual chip, tv digital, android 7.1, câmera traseira dupla 13mp e 3gb ram	"smartphone motorola moto g5s plus xt1805 dual sim 32gb 3gb ram 5.5"" full hd 13+13mp/8mp hdr+ sensor digital- dourado"	moto g5	 3gb	 32gb
smartphone motorola moto g5s plus xt1802 azul topázio 32gb, tela 5.5'', dual chip, tv digital, android 7.1, câmera traseira dupla 13mp e 3gb ram	"smartphone motorola moto g5s plus xt1805 dual sim 32gb 3gb ram 5.5"" full hd 13+13mp/8mp hdr+ sensor digital- dourado"	moto g5	 3gb	 32gb
smartphone motorola moto g5s plus xt1802 ouro rosé 32gb, tela 5.5'', dual chip, tv digital, android 7.1, câmera traseira dupla 13mp e 3gb ram	"smartphone motorola moto g5s plus xt1805 dual sim 32gb 3gb ram 5.5"" full hd 13+13mp/8mp hdr+ sensor digital- dourado"	moto g5	 3gb	 32gb
smartphone motorola moto z2 play gamepad edition platinum 64gb, tela 5.5'', dual chip, câmera 12mp, android 7.1, processador octa-core e 4gb de ram	smartphone moto z2 play 64gb 4gb dual chip - dourado	moto z2	 4gb	 64gb
smartphone motorola moto z2 play 360 câmera edition topázio 64gb, tela 5.5'', dual chip, câmera 12mp, android 7.1, processador octa-core e 4gb de ram	smartphone moto z2 play 64gb 4gb dual chip - dourado	moto z2	 4gb	 64gb
"smartphone asus zenfone 4 max zc554kl preto com 16gb, tela 5.5"", dual chip, câmera traseira dupla, 4g, android 7.0, processador quad core e 2gb ram"	"smartphone asus zenfone 4 max preto 2gb ram, 16gb, 5,5"", 13+5mp, 4g - tim"	zenfone 4	 2gb	 16gb
"smartphone asus zenfone 4 max zc554kl gold com 16gb, tela 5.5"", dual chip, câmera traseira dupla, 4g, android 7.0, processador quad core e 2gb ram"	"smartphone asus zenfone 4 max preto 2gb ram, 16gb, 5,5"", 13+5mp, 4g - tim"	zenfone 4	 2gb	 16gb
"smartphone asus zenfone 4 max zc554kl rosa com 16gb, tela 5.5"", dual chip, câmera traseira dupla, 4g, android 7.0, processador quad core e 2gb ram"	"smartphone asus zenfone 4 max preto 2gb ram, 16gb, 5,5"", 13+5mp, 4g - tim"	zenfone 4	 2gb	 16gb
"smartphone asus zenfone 4 selfie pro zd552kl preto com 64gb, tela 5.5"", dual chip, câmera frontal dupla, android 7.0, processador octa core e 4gb ram"	"smartphone asus zenfone 4 com 64gb, sd660, tela 5.5"" e 4gb de ram - branco"	zenfone 4	 4gb	 64gb
"smartphone asus zenfone 4 selfie pro zd552kl vermelho 64gb, tela 5.5"", dual chip, câmera frontal dupla, android 7.0, processador octa core e 4gb ram"	"smartphone asus zenfone 4 com 64gb, sd660, tela 5.5"" e 4gb de ram - branco"	zenfone 4	 4gb	 64gb
"smartphone asus zenfone 4 selfie pro zd552kl gold com 64gb, tela 5.5"", dual chip, câmera frontal dupla, android 7.0, processador octa core e 4gb ram"	"smartphone asus zenfone 4 com 64gb, sd660, tela 5.5"" e 4gb de ram - branco"	zenfone 4	 4gb	 64gb
"smartphone asus zenfone 4 selfie zd553kl gold com 64gb, tela 5.5"", dual chip, câmera frontal dupla, android 7.0, processador octa core e 4gb ram"	"smartphone asus zenfone 4 com 64gb, sd660, tela 5.5"" e 4gb de ram - branco"	zenfone 4	 4gb	 64gb
"smartphone asus zenfone 4 max zc554kl rosa com 32gb, tela 5.5"", dual chip, câmera traseira dupla, 4g, android 7.0, processador octa core e 3gb ram"	"smartphone asus zenfone 4 com 32gb, tela 5.5"" e 3gb de ram - preto"	zenfone 4	 3gb	 32gb
"smartphone asus zenfone 4 selfie zd553kl preto com 64gb, tela 5.5"", dual chip, câmera frontal dupla, android 7.0, processador octa core e 4gb ram"	"smartphone asus zenfone 4 com 64gb, sd660, tela 5.5"" e 4gb de ram - branco"	zenfone 4	 4gb	 64gb
"smartphone asus zenfone 4 ze554kl verde com 64gb, tela 5.5"", dual chip, câmera traseira dupla, 4g, android 7.0, processador octa core e 4gb ram"	"smartphone asus zenfone 4 com 64gb, sd660, tela 5.5"" e 4gb de ram - branco"	zenfone 4	 4gb	 64gb
"smartphone asus zenfone 4 max zc554kl gold com 32gb, tela 5.5"", dual chip, câmera traseira dupla, 4g, android 7.0, processador octa core e 3gb ram"	"smartphone asus zenfone 4 com 32gb, tela 5.5"" e 3gb de ram - preto"	zenfone 4	 3gb	 32gb
"smartphone asus zenfone 4 selfie zd553kl rose gold com 64gb, tela 5.5"", dual chip, câmera frontal dupla, android 7.0, processador octa core e 4gb ram"	"smartphone asus zenfone 4 com 64gb, sd660, tela 5.5"" e 4gb de ram - branco"	zenfone 4	 4gb	 64gb
"smartphone asus zenfone 4 selfie zd553kl verde com 64gb, tela 5.5"", dual chip, câmera frontal dupla, android 7.0, processador octa core e 4gb ram"	"smartphone asus zenfone 4 com 64gb, sd660, tela 5.5"" e 4gb de ram - branco"	zenfone 4	 4gb	 64gb
"smartphone asus zenfone 4 ze554kl preto com 64gb, tela 5.5"", dual chip, câmera traseira dupla, 4g, android 7.0, processador octa core e 6gb ram"	"smartphone asus zenfone 4 6gb memória ram dual chip android tela 5.5"" snapdragon 64gb 4g câmera dual traseira 12mp + 8mp câmera frontal 8mp - branco"	zenfone 4	 6gb	 64gb
"smartphone asus zenfone 4 max zc554kl preto com 32gb, tela 5.5"", dual chip, câmera traseira dupla, 4g, android 7.0, processador octa core e 3gb ram"	"smartphone asus zenfone 4 com 32gb, tela 5.5"" e 3gb de ram - preto"	zenfone 4	 3gb	 32gb
"smartphone asus zenfone 4 ze554kl verde com 64gb, tela 5.5"", dual chip, câmera traseira dupla, 4g, android 7.0, processador octa core e 6gb ram"	"smartphone asus zenfone 4 6gb memória ram dual chip android tela 5.5"" snapdragon 64gb 4g câmera dual traseira 12mp + 8mp câmera frontal 8mp - branco"	zenfone 4	 6gb	 64gb
"smartphone asus zenfone 4 ze554kl preto com 64gb, tela 5.5"", dual chip, câmera traseira dupla, 4g, android 7.0, processador octa core e 4gb ram"	"smartphone asus zenfone 4 com 64gb, sd660, tela 5.5"" e 4gb de ram - branco"	zenfone 4	 4gb	 64gb
"smartphone asus zenfone 4 ze554kl branco com 64gb, tela 5.5"", dual chip, câmera traseira dupla, 4g, android 7.0, processador octa core e 4gb ram"	"smartphone asus zenfone 4 com 64gb, sd660, tela 5.5"" e 4gb de ram - branco"	zenfone 4	 4gb	 64gb
"smartphone asus zenfone 4 ze554kl branco com 64gb, tela 5.5"", dual chip, câmera traseira dupla, 4g, android 7.0, processador octa core e 6gb ram"	"smartphone asus zenfone 4 6gb memória ram dual chip android tela 5.5"" snapdragon 64gb 4g câmera dual traseira 12mp + 8mp câmera frontal 8mp - branco"	zenfone 4	 6gb	 64gb
"smartphone sony xperia xz1 g8341 preto com 64gb, tela 5,2"", single chip, câmera 19mp, 4g, android 8.0, processador octa-core e 4gb ram"	"smartphone sony xperia xz1 g8341 4gb/64gb lte 1sim tela 5.2""fhd câm.19mp+13mp-rosa"	xperia xz1 g8341	 4gb	/64gb
"smartphone sony xperia xz1 g8341 azul com 64gb, tela 5,2"", single chip, câmera 19mp, 4g, android 8.0, processador octa-core e 4gb ram"	"smartphone sony xperia xz1 g8341 4gb/64gb lte 1sim tela 5.2""fhd câm.19mp+13mp-rosa"	xperia xz1 g8341	 4gb	/64gb
"smartphone sony xperia xz1 g8341 rose com 64gb, tela 5,2"", single chip, câmera 19mp, 4g, android 8.0, processador octa-core e 4gb ram"	"smartphone sony xperia xz1 g8341 4gb/64gb lte 1sim tela 5.2""fhd câm.19mp+13mp-rosa"	xperia xz1 g8341	 4gb	/64gb
iphone 8 apple plus com 64gb, tela retina hd de 5,5”, ios 11, dupla câmera traseira, resistente à água, wi-fi, 4g lte e nfc - cinza-espacial	usado: iphone 8 apple 64gb cinza espacial	iphone 8		 64gb
iphone 8 apple plus com 256gb, tela retina hd de 5,5”, ios 11, dupla câmera traseira, resistente à água, wi-fi, 4g lte e nfc - dourado	"iphone 8 cinza espacial 256gb tela 4.7"" ios 11 4g wi-fi câmera 12mp - apple"	iphone 8		 256gb
iphone 8 apple plus com 256gb, tela retina hd de 5,5”, ios 11, dupla câmera traseira, resistente à água, wi-fi, 4g lte e nfc - cinza-espacial	"iphone 8 cinza espacial 256gb tela 4.7"" ios 11 4g wi-fi câmera 12mp - apple"	iphone 8		 256gb
iphone 8 apple plus com 256gb, tela retina hd de 5,5”, ios 11, dupla câmera traseira, resistente à água, wi-fi, 4g lte e nfc – prateado	"iphone 8 cinza espacial 256gb tela 4.7"" ios 11 4g wi-fi câmera 12mp - apple"	iphone 8		 256gb
iphone 8 apple plus com 64gb, tela retina hd de 5,5”, ios 11, dupla câmera traseira, resistente à água, wi-fi, 4g lte e nfc - dourado	usado: iphone 8 apple 64gb cinza espacial	iphone 8		 64gb
iphone 8 apple plus com 64gb, tela retina hd de 5,5”, ios 11, dupla câmera traseira, resistente à água, wi-fi, 4g lte e nfc - prateado	usado: iphone 8 apple 64gb cinza espacial	iphone 8		 64gb
"smartphone samsung galaxy a8 plus ametista com 64gb, dual chip, display infinito de 6"", android 7.1, câmera 16mp, proteção ip68, octa core e ram de 4g"	"smartphone samsung galaxy a8 plus dual chip android 7.1 tela 6"" octa-core 2.2ghz 64gb 4g câmera 16mp - preto"	galaxy a8		 64gb
"smartphone samsung galaxy a8 plus dourado com 64gb, dual chip, display infinito de 6"", android 7.1, câmera 16mp, proteção ip68, octa core e ram de 4gb"	"smartphone samsung galaxy a8 plus dual chip android 7.1 tela 6"" octa-core 2.2ghz 64gb 4g câmera 16mp - preto"	galaxy a8		 64gb
"smartphone samsung galaxy a8 plus preto com 64gb, dual chip, display infinito de 6"", android 7.1, câmera 16mp, proteção ip68, octa core e ram de 4gb"	"smartphone samsung galaxy a8 plus dual chip android 7.1 tela 6"" octa-core 2.2ghz 64gb 4g câmera 16mp - preto"	galaxy a8		 64gb
smartphone motorola moto g6 play xt1922 índigo com 32gb, tela de 5.7'', dual chip, android 8.0, 4g, câmera 13mp, processador octa-core e 3gb de ram	moto g6 xt1925-2, 32gb, 3gb ram, dual chip	moto g6	 3gb	 32gb
smartphone motorola moto g6 play xt1922 ouro com 32gb, tela de 5.7'', dual chip, android 8.0, 4g, câmera 13mp, processador octa-core e 3gb de ram	moto g6 xt1925-2, 32gb, 3gb ram, dual chip	moto g6	 3gb	 32gb
iphone 8 plus apple red special edition 64gb tela retina hd 5.5” ios11 câmera dupla 12mp vermelho	"iphone 8 plus 64gb ouro  tela 5.5"" ios 12 4g câmera 12mp - apple"	iphone 8 plus		 64gb
iphone 8 plus apple red special edition 256gb tela retina hd 5.5” ios11 câmera dupla 12mp vermelho	iphone 8 plus apple 256gb prata seminovo	iphone 8 plus		 256gb
smartphone samsung galaxy s8 plus dual chip prata com 64gb, tela 6.2”, android 7.0, 4g, câmera 12mp e octa-core - claro	usado: samsung galaxy s8 plus 64gb preto muito bom - trocafone	galaxy s8		 64gb
smartphone motorola moto z3 play gamepad índigo 64gb, tela 6'', dual chip, câmera traseira dupla, android 8.1, processador octa-core e 4gb de ram	motorola xt1929-5 moto z3 play 64gb dual câmera 12mp 4g octa-core 4gb ram i vitrine	moto z3	 4gb	 64gb
"celular alcatel pixi 4 - 5010e lite, dual chip, tv digital, tela 5"", 8gb, câmera 8mp e frontal 8mp c"	celular smartphone multilaser 3g quad core 5,5” 8gb 8mp android 8.1 ms50g nb736 pret		 8gb	
"celular smartphone tp-link neffos c5l 4g lte 4.5"" 8gb branco"	celular smartphone multilaser 3g quad core 5,5” 8gb 8mp android 8.1 ms50g nb736 pret		 8gb	
motorola moto c plus xt1726	"smartphone moto c plus xt1726 5.0"" 8 gb tv 4g wi fi android 7.0 nougat bivolt"	moto c plus		
smartphone motorola moto c plus xt1723 dual sim lte 5.0´´ 16gb câm.8mp+2mp-preto	"smartphone motorola moto c plus dual chip android 7.0 tela 5"" quad-core 16gb 4g wi-fi câmera 8mp - preto"	moto c plus		 16gb
smartphone lg k4 novo x230 8gb lte dual sim tela de 5.0'' -marrom	"smartphone lg k4 novo dual chip android 6.0 marshmallow tela 5"" quadcore 8gb 4g câmera 5mp - azul"	k4	 8gb	
"smartphone lg k9 tv 16gb, tela de 5.0"" hd android 7.0 câmera 8mp dourado"	"smartphone lg k9 tv dual chip android 7.0 tela 5"" quad core 1.3 ghz 16gb 4g câmera 8mp - azul"	k9		 16gb
"smartphone samsung galaxy s8+ dual chip android 7.0 tela 6.2"" octa-core 2.3 ghz 64gb câmera 12mp - preto"	"smartphone samsung galaxy s8+ dual chip android 7.0 tela 6.2"" octa-core 2.3 ghz 64gb câmera 12mp - ametista"	galaxy s8+		 64gb
smartphone samsung galaxy s8+ 64gb - preto + gear vr com controle 2	"smartphone samsung galaxy s8+ dual chip android 7.0 tela 6.2"" octa-core 2.3 ghz 64gb câmera 12mp - ametista"	galaxy s8+		 64gb
"smartphone samsung galaxy j7 prime 2 dual chip android 7.1 tela 5.5"" octa-core 1.6ghz 32gb 4g câmera 13mp com tv - dourado"	"smartphone samsung galaxy j7 prime 2 dual chip android 7.1 tela 5.5"" octa-core 1.6ghz 32gb 4g câmera 13mp com tv - dourado"	galaxy j7 prime		 32gb
"smartphone samsung galaxy s9+ dual chip android 8.0 tela 6.2"" octa-core 2.8ghz 128gb 4g câmera 12mp dual cam - ultravioleta"	"smartphone samsung galaxy s9+ dual chip android 8.0 tela 6.2"" octa-core 2.8ghz 128gb 4g câmera 12mp dual cam - cinza"	galaxy s9+		 128gb
smartphone lg k10 novo 2017 32gb e 2g ram +  frete grátis	"smartphone lg k10 pro dual chip android 7.0 tela 5.7"" octacore 1.5 ghz 32gb 4g câmera 13mp - dourado"	k10		 32gb
apple iphone 5s 16gb desbloqueado original anatel de vitrine	usado: iphone 5s 16gb cinza espacial muito bom - trocafone	iphone 5s		 16gb
motorola moto g5s 32gb g 5s xt1794 2chip 4g tela 5.2 16mp nf	"smartphone motorola moto g5s plus dual chip android 7.1.1 nougat tela 5.5"" snapdragon 625 32gb 4g 13mp câmera dupla - platinum"	moto g5		 32gb
samsung galaxy s5 original g900m original	smartphone samsung galaxy s5 - preto	galaxy s5		
apple iphone 6 16gb space gray original nacional vitrine	usado: iphone 6 apple 16gb cinza espacial	iphone 6		 16gb
samsung galaxy pocket 2 duos g110 - android 3g - de vitrine	smartphone - samsung galaxy pocket 2 duos - branco (arm11 / 512mb ram / 4gbmicrosd / 3,3pol / 2mp /	galaxy pocket 2 duos		
celular motorola moto g6 play xt1922 4g 32gb dual android 8	"smartphone motorola moto g6 32gb dual chip android oreo - 8.0 tela 5.7"" octa-core 1.8 ghz 4g câmera 12 + 5mp (dual traseira) - índigo"	moto g6		 32gb
apple iphone 5s 16gb original desbloqueado novo de vitrine	usado: iphone 5s 16gb cinza espacial muito bom - trocafone	iphone 5s		 16gb
iphone 5s 16gb original apple desbloqueado novo de vitrine	usado: iphone 5s 16gb cinza espacial muito bom - trocafone	iphone 5s		 16gb
samsung galaxy pocket plus s5301 android 4.0 - de vitrine	samsung galaxy pocket plus s5301 android 4.0, 2.0 mp	galaxy pocket plus		
celular motorola moto g6 plus dual 64gb 4gbram tv xt1926-8	"smartphone motorola moto g6 plus dual chip android oreo - 8.0 tela 5.9"" octa-core 2.2 ghz 64gb 4g câmera 12 + 5mp (dual traseira) - índigo"	moto g6 plus		 64gb
samsung galaxy pocket 2 duos g110 - android 3g - novo	smartphone - samsung galaxy pocket 2 duos - branco (arm11 / 512mb ram / 4gbmicrosd / 3,3pol / 2mp /	galaxy pocket 2 duos		
samsung galaxy s5 duos 4g sm g900md original seminovo nfe	smartphone samsung galaxy s5 - preto	galaxy s5		
samsung galaxy s5 branco g900m 16gb 4g desbloqueado seminovo	"smartphone samsung galaxy s5 desbloqueado android 4.4.2 tela 5.1"" 16gb 4g wi-fi câmera 16 mp - branco"	galaxy s5		 16gb
samsung galaxy j5 prime 32gb dourado nota fiscal	semi novo - smartphone samsung galaxy j5 prime dourado 32gb 5.0 android 7.0 nougat sm-g570m/ds - bom	galaxy j5 prime		 32gb
motorola moto g xt1032 8gb single chip desbloqueado - novo	"smartphone motorola moto g (2ª geração) colors dual chip android 5.0 tela 5"" 8gb 3g câmera 8mp - preto"	moto g	 8gb	
novo motorola moto g5s plus xt1802 32gb 13mp 4g rose +nf	"smartphone motorola moto g5s plus dual chip android 7.1.1 nougat tela 5.5"" snapdragon 625 32gb 4g 13mp câmera dupla - platinum"	moto g5		 32gb
smartphone cat caterpillar s60 lte 32gb !! pronta entrega !!	iphone se 32gb ouro rosa ios 4g câmera 12mp - apple			 32gb
iphone 6 16gb apple tela 4,7 original apple bluetooth	usado: iphone 6 apple 16gb cinza espacial	iphone 6		 16gb
iphone 6 16gb apple tela 4,7 garantia novo original apple	usado: iphone 6 apple 16gb cinza espacial	iphone 6		 16gb
galaxy s4 mini 8gb original samsung novo de vitrine	"smartphone samsung galaxy s4 mini duos dual chip desbloqueado android 4.2 tela 4.3"" 8gb 3g wi-fi câmera 8mp - branco"	galaxy s4 mini	 8gb	
sony xperia xz1 compact 32gb g8441 4g 4gb ram snapdragon 835	"smartphone sony xperia xa2 u h3223 4gb/32gb lte 1sim 6.0"" câm.dual 16mp/8mp+23mp-azul"		 4gb	/32gb
celular iphone 5s 32gb desbloqueado 100% funcionando 3g 4g b	usado: iphone 5s apple 32gb dourado - bom	iphone 5s		 32gb
samsung galaxy s5 branco 16gb 4g g900m desbloqueado seminovo	"smartphone samsung galaxy s5 desbloqueado android 4.4.2 tela 5.1"" 16gb 4g wi-fi câmera 16 mp - branco"	galaxy s5		 16gb
imbativel corra ! motorola moto g5 xt1676 4g orig+brinde+nf	seminovo: motorola moto g5 platinum usado	moto g5		
samsung a510 galaxy a5 2016 anatel nf 16gb dourado i vitrine	usado: galaxy a5 2016 a5100 dual 4g 16gb rosa	galaxy a5		 16gb
samsung g935 galaxy s7 edge 32gb preto 4g original i vitrine	"smartphone samsung galaxy s7 edge android 6.0 tela 5.5"" 32gb 4g câmera 12mp - prata"	galaxy s7 edge		 32gb
galaxy s7 edge 32gb original samsung g935f de vitrine	"smartphone samsung galaxy s7 edge android 6.0 tela 5.5"" 32gb 4g câmera 12mp - prata"	galaxy s7 edge		 32gb
motorola xt1626 moto g4 dual chip 16gb 4g  preto | novo	smartphone moto g4 play dtv colors dual chip android 6.0 tela 5'' 16gb câmera 8mp - preto	moto g4		 16gb
celular lg k10 novo 2017 4g m250ds 32gb titânio tela 5,3	"smartphone lg k10 pro dual chip android 7.0 tela 5.7"" octacore 1.5 ghz 32gb 4g câmera 13mp - dourado"	k10		 32gb
celular motorola moto g6 play xt1922 4g 32gb dual android 8	"smartphone motorola moto g6 32gb dual chip android oreo - 8.0 tela 5.7"" octa-core 1.8 ghz 4g câmera 12 + 5mp (dual traseira) - índigo"	moto g6		 32gb
celular motorola moto c 16g plus quad core dual sim tela 5	celular moto c xt1750 sem bateria sem cabos novo	moto c		
celular motorola moto c plus 16g tela 5'   frete grátis \o/	"smartphone moto c plus xt1726 5.0"" 8 gb tv 4g wi fi android 7.0 nougat bivolt"	moto c plus		
lg k10 novo 2017 lgm250ds 32gb dourado lacrado	"smartphone lg k10 pro dual chip android 7.0 tela 5.7"" octacore 1.5 ghz 32gb 4g câmera 13mp - dourado"	k10		 32gb
lg k10 novo m250ds titânio até 12x original lacrado +nf	lenovo vibe c2 k10a40 dual chip android 6.0 4g wifi processador quad core	k10		
celular lg k10 power novo m320tv indigo câmera 13mp 32gb	lenovo vibe c2 k10a40 dual chip android 6.0 4g wifi processador quad core	k10		
lg k10 power m320tv indigo original lacrado frete grátis	lenovo vibe c2 k10a40 dual chip android 6.0 4g wifi processador quad core	k10		
galaxy s5 mini duos g800h	smartphone samsung galaxy s5 mini duos, preto	galaxy s5 mini		
samsung galaxy s5 g900 original 16gb semi novo	"smartphone samsung galaxy s5 desbloqueado android 4.4.2 tela 5.1"" 16gb 4g wi-fi câmera 16 mp - branco"	galaxy s5		 16gb
promoção  celular samsung galaxy s6 edge 64gb g925 - vitrine	"smartphone samsung g925i galaxy s6 edge desbloqueado vivo android 5.0 tela 5.1"" 64gb 4g 16mp - preto"	galaxy s6 edge		 64gb
celular lg k10 4g original lacrado octacore16gb tela5.3 nota	lenovo vibe c2 k10a40 dual chip android 6.0 4g wifi processador quad core	k10		
celular samsung galaxy j7 neo tela 5.5 + flash frontal	usado: samsung galaxy j7 2016 metal dourado muito bom - trocafone	galaxy j7		
iphone apple 8 64gb plus debloq s/juros leia anúncio	"smartphone lg q6 plus dual chip android 7.0 tela 5.5"" full hd+ snapdragon msm8940 64gb 4g câmera 13mp - rose gold"			 64gb
novo moto g5 xt1676 16g orig+brinde+nota fiscal+frete gratis	seminovo: motorola moto g5 platinum usado	moto g5		
samsung galaxy s5 mini duos g800 16gb dual chip - vitrine	"smartphone samsung galaxy s5 mini duos dual chip desbloqueado android 4.4 tela 4.5"" 16gb 3g wi-fi câmera 8mp gps - azul"	galaxy s5 mini		 16gb
celular lg k10 2017 m250dsf dual 32gb -	"smartphone lg k10 pro dual chip android 7.0 tela 5.7"" octacore 1.5 ghz 32gb 4g câmera 13mp - dourado"	k10		 32gb
smartphone samsung galaxy s6 edge g925i 32gb preto (vitrine)	usado: samsung galaxy s6 edge 32gb preto muito bom - trocafone	galaxy s6 edge		 32gb
motorola moto g5 xt1671 | 32gb | dual | android 7.0 |	"smartphone motorola moto g5s plus dual chip android 7.1.1 nougat tela 5.5"" snapdragon 625 32gb 4g 13mp câmera dupla - platinum"	moto g5		 32gb
celular motorola moto c plus xt1724 dual sim 16gb tela 5	"smartphone motorola moto c plus dual chip android 7.0 tela 5"" quad-core 16gb 4g wi-fi câmera 8mp - preto"	moto c plus		 16gb
test item (no ofertar) iphone 4 8gb nuevo	usado: iphone 4g 8gb preto	iphone 4	 8gb	
+ brindes grátis+ motorola moto g4 plus 32gb xt1640 -vitrine	smartphone motorola moto g4 plus dual chip android 6.0 tela 5.5'' 32gb câmera 16mp - preto	moto g4 plus		 32gb
celular samsung galaxy j7 neo tela 5.5 + tv digital	usado: samsung galaxy j7 2016 metal dourado muito bom - trocafone	galaxy j7		
samsung galaxy s8 5.8in 64gb câmera 12mp+8mp ametista	usado: samsung galaxy s8 plus 64gb preto muito bom - trocafone	galaxy s8		 64gb
apple iphone 5s 16gb 4g 100% original  promoção envio já	usado: iphone 5s 16gb cinza espacial muito bom - trocafone	iphone 5s		 16gb
apple iphone 5s 16gb 100% original promoção imperdivel!!!!!!	usado: iphone 5s 16gb cinza espacial muito bom - trocafone	iphone 5s		 16gb
celular moto g5 xt1671 novo 32gb  orig+brinde+nota fiscal	"smartphone motorola moto g5s plus dual chip android 7.1.1 nougat tela 5.5"" snapdragon 625 32gb 4g 13mp câmera dupla - platinum"	moto g5		 32gb
zenfone 4 selfie dourado asus 4g 64gb 4gb 20+8 mp - zd553kl	"smartphone asus zenfone 4 com 64gb, sd660, tela 5.5"" e 4gb de ram - branco"	zenfone 4	 4gb	 64gb
iphone 5s 16gb original com nota fiscal danfe	usado: iphone 5s 16gb cinza espacial muito bom - trocafone	iphone 5s		 16gb
iphone 6 16gb 4'7 8mp desbl. apple original, a vista r$1.249	usado: iphone 6 apple 16gb cinza espacial	iphone 6		 16gb
smartphone samsung galaxy j7 pro 64gb 4g j730 12x sem juros	semi novo - smartphone samsung galaxy j7 pro preto 64gb 5.5 android 8.0 oreo sm-j730g/ds - muito bom	galaxy j7		 64gb
smartphone samsung galaxy j7 pro 64gb 4g j730 desbloqueado	semi novo - smartphone samsung galaxy j7 pro preto 64gb 5.5 android 8.0 oreo sm-j730g/ds - muito bom	galaxy j7		 64gb
celular samsung galaxy j5 pro sm-j530g dual chip preto	usado: samsung galaxy j5 2016 metal dourado muito bom - trocafone	galaxy j5		
celular samsung galaxy j5 pro sm-j530g dual chip dourado	usado: samsung galaxy j5 2016 metal dourado muito bom - trocafone	galaxy j5		
celular motorola g5 32gb android tela 5 câmera 13mp + fone	iphone se 32gb ouro rosa ios 4g câmera 12mp - apple			 32gb
apple iphone 8 plus 64gb novo lacrado 1 ano de garantia +nf	"iphone 8 plus 64gb ouro  tela 5.5"" ios 12 4g câmera 12mp - apple"	iphone 8 plus		 64gb
celular lg k10 power m320tv 32gb tela 5.5'' azul indigo 4g	"smartphone lg k10 pro dual chip android 7.0 tela 5.7"" octacore 1.5 ghz 32gb 4g câmera 13mp - dourado"	k10		 32gb
motorola moto c plus xt1723 dual chip 16gb preto dourado	"smartphone motorola moto c plus dual chip android 7.0 tela 5"" quad-core 16gb 4g wi-fi câmera 8mp - preto"	moto c plus		 16gb
celular motorola moto c plus xt1724 dual  16gb tela 5 + fone	"smartphone motorola moto c plus dual chip android 7.0 tela 5"" quad-core 16gb 4g wi-fi câmera 8mp - preto"	moto c plus		 16gb
iphone 8 64gb novo lacrado anatel garantia pela apple 1 ano	usado: iphone 8 apple 64gb cinza espacial	iphone 8		 64gb
iphone 8 plus 64gb novo lacrado origina garantia 1 ano apple	"iphone 8 plus 64gb ouro  tela 5.5"" ios 12 4g câmera 12mp - apple"	iphone 8 plus		 64gb
smartphone samsung galaxy s8+ dourado tela 6,2  android 7.0	smartphone samsung galaxy s8+ g955f, 6,2”, 64 gb, 4g, octa-core, câmera 12 mp, preto	galaxy s8+		
iphone 7 128gb 4g 4'7 12mp 4k touchid apple rfb desbloqueado	usado: iphone 7 apple 128gb preto brilhante	iphone 7		 128gb
iphone 8 apple plus 256gb 01 ano de garantia envio imediato	"iphone 8 cinza espacial 256gb tela 4.7"" ios 11 4g wi-fi câmera 12mp - apple"	iphone 8		 256gb
smartphone samsung galaxy j7 pro preto tela 5,5'' android 7.	usado: samsung galaxy j7 2016 metal dourado muito bom - trocafone	galaxy j7		
celular motorola moto g5 xt1671 32gb dual original	"smartphone motorola moto g5s plus dual chip android 7.1.1 nougat tela 5.5"" snapdragon 625 32gb 4g 13mp câmera dupla - platinum"	moto g5		 32gb
* mega promoção * samsung galaxy s6 edge g925 32gb -vitrine	usado: samsung galaxy s6 edge 32gb preto muito bom - trocafone	galaxy s6 edge		 32gb
samsung galaxy s8 64gb duos original novo de vitrine g950fd	usado: samsung galaxy s8 plus 64gb preto muito bom - trocafone	galaxy s8		 64gb
iphone 8 256gb dourado	"iphone 8 cinza espacial 256gb tela 4.7"" ios 11 4g wi-fi câmera 12mp - apple"	iphone 8		 256gb
smartphone samsung galaxy s8+ dourado tela 6,2  android 7.0	smartphone samsung galaxy s8+ g955f, 6,2”, 64 gb, 4g, octa-core, câmera 12 mp, preto	galaxy s8+		
smartphone samsung galaxy s9 128gb preto - lacrado c/nf	"smartphone samsung galaxy s9 dual chip android 8.0 tela 5.8"" octa-core 2.8ghz 128gb 4g câmera 12mp - preto"	galaxy s9		 128gb
celular alcatel a3 xl max 3gb/32gb 9008n - dourado ou preto	"smartphone tcl t7, preto, tela 5.7"", 4g, 12mp e frontal dupla 13mp/5mp, octacore, 3gb ram, 32gb, fingerprint, desbloqueio facial+5mp, 32gb"		 3gb	 32gb
iphone 8 plus 64gb original lacrado homologado atanel	"iphone 8 plus 64gb ouro  tela 5.5"" ios 12 4g câmera 12mp - apple"	iphone 8 plus		 64gb
iphone 6 64gb apple original 4g 4'7 rfb desb a vista r$1.499	usado: iphone 6 64gb dourado muito bom - trocafone	iphone 6		 64gb
moto g5s ouro motorola tela 5,2 4g 32gb 16mp - xt1792	"smartphone motorola moto g5s plus dual chip android 7.1.1 nougat tela 5.5"" snapdragon 625 32gb 4g 13mp câmera dupla - platinum"	moto g5		 32gb
smartphone celular original lg k4 8gb 2017 2 chips quad core	"smartphone lg k4 novo dual chip android 6.0 marshmallow tela 5"" quadcore 8gb 4g câmera 5mp - azul"	k4	 8gb	
iphone x 64gb novo lacrado cpo original garantia 1 ano apple	"iphone x prata 64gb tela 5.8"" ios 11 4g wi-fi câmera 12mp - apple"	iphone x		 64gb
iphone 5s 16gb novo! lacrado! original! garantia 3 meses	usado: iphone 5s 16gb cinza espacial muito bom - trocafone	iphone 5s		 16gb
iphone x 256gb 1 ano de garantia apple. pronta entrega	usado: iphone x apple 256gb cinza	iphone x		 256gb
samsung galaxy j7 prime g610f | 32gb octa-core + nota fiscal	"smartphone samsung galaxy j7 prime 2 dual chip android 7.1 tela 5.5"" octa-core 1.6ghz 32gb 4g câmera 13mp com tv - dourado"	galaxy j7 prime		 32gb
celular galaxy j2 prime 4g samsung smartphone 8gb original	"smartphone samsung galaxy j2 prime tv dual chip android tela 5""  8gb 4g câmera 8mp - rosê"	galaxy j2 prime	 8gb	
iphone x 256gb  novo! lacrado!  cpo! 1 ano de garantia apple	usado: iphone x apple 256gb cinza	iphone x		 256gb
celular samsung galaxy a8 2018 sm-a530f 64gb preto	"smartphone samsung galaxy a8 plus dual chip android 7.1 tela 6"" octa-core 2.2ghz 64gb 4g câmera 16mp - preto"	galaxy a8		 64gb
apple iphone 8 plus 64gb lacrado - com nota fiscal	"iphone 8 plus 64gb ouro  tela 5.5"" ios 12 4g câmera 12mp - apple"	iphone 8 plus		 64gb
samsung galaxy j5 prime preto leitor de digital anatel g570m	seminovo: samsung galaxy j5 prime preto usado	galaxy j5 prime		
celular samsung galaxy j5 prime 32gb biometria 13mp +brindes	semi novo - smartphone samsung galaxy j5 prime dourado 32gb 5.0 android 7.0 nougat sm-g570m/ds - bom	galaxy j5 prime		 32gb
motorola moto g5 xt1671 32gb dual sim android 7.0 13mpx/5mpx	"smartphone motorola moto g5s plus dual chip android 7.1.1 nougat tela 5.5"" snapdragon 625 32gb 4g 13mp câmera dupla - platinum"	moto g5		 32gb
iphone x 64gb apple lacrado	"iphone x prata 64gb tela 5.8"" ios 11 4g wi-fi câmera 12mp - apple"	iphone x		 64gb
celular lg k4 novo 2017 dual sim 8gb tela 5.0 8mp/4mp cinza	"smartphone lg k4 novo dual chip android 6.0 marshmallow tela 5"" quadcore 8gb 4g câmera 5mp - azul"	k4	 8gb	
celular lg k10 novo 2017 4g m250ds 32gb tela 5,3 original	"smartphone lg k10 pro dual chip android 7.0 tela 5.7"" octacore 1.5 ghz 32gb 4g câmera 13mp - dourado"	k10		 32gb
iphone apple x 256gb orig grt apple leia anuncio original	"smartphone huawei p30 pro 256gb dual chip android 9.0 tela 6,4"" huawei kirin 980 octa-core 4g câmera tripla 40+20+8mp - preto"			 256gb
celular motorola moto c plus xt-1723 - 5.0 polegadas + nf	"smartphone moto c plus xt1726 5.0"" 8 gb tv 4g wi fi android 7.0 nougat bivolt"	moto c plus		
celular samsung galaxy j2 pro android 7.1 tela 5 16gb	smartphone samsung galaxy j2 core - preto	galaxy j2		
smartphone motorola moto z2 play polaroid edition dualchip	smartphone motorola moto z2 play, ouro + moto snap motorola insta-share projector, projetor	moto z2		
iphone 5s 16gb novo lacrado garantia vendedor 6 meses	usado: iphone 5s 16gb cinza espacial muito bom - trocafone	iphone 5s		 16gb
celular moto c plus 16gb 4g original dourado	"smartphone motorola moto c plus dual chip android 7.0 tela 5"" quad-core 16gb 4g wi-fi câmera 8mp - preto"	moto c plus		 16gb
galaxy s8 plus 64gb duos dual chip samsung novo de vitrine	usado: samsung galaxy s8 plus 64gb preto muito bom - trocafone	galaxy s8		 64gb
apple iphone 7 128gb original 4g nacional 12mpx ios| vitrine	usado: iphone 7 apple 128gb preto brilhante	iphone 7		 128gb
celular samsung galaxy j2 prime 16gb dual sim cam 8mp wifi	"smartphone samsung galaxy j2 prime dual chip android 6.0.1 tela 5"" quad-core 1.4 ghz 16gb 4g câmera 8mp - dourado"	galaxy j2 prime		 16gb
smartphone apple iphone 8 plus 64gb tela 5,5	"iphone 8 plus 64gb ouro  tela 5.5"" ios 12 4g câmera 12mp - apple"	iphone 8 plus		 64gb
grátis brindes celular iphone 5s 16gb - leia todo o anúncio!	usado: iphone 5s 16gb cinza espacial muito bom - trocafone	iphone 5s		 16gb
iphone x 256gb novo lacrado original apple garantia 1 ano	usado: iphone x apple 256gb cinza	iphone x		 256gb
apple iphone x 256gb 1 ano de garantia anatel original !	usado: iphone x apple 256gb cinza	iphone x		 256gb
celular motorola c plus xt1723 dual 16gb - original com nf	celular samsung j2 core preto 16gb 5 android 8.1 8mp 4g			 16gb
iphone apple x 64gb novo lacrado 5.8 garantia de 01 ano!	"smartphone lg q6 plus dual chip android 7.0 tela 5.5"" full hd+ snapdragon msm8940 64gb 4g câmera 13mp - rose gold"			 64gb
celular smartphone samsung galaxy s9+ preto 128gb	teclado bluetooth original para samsung galaxy s9 sm-g9600 x-folding touch pro	galaxy s9		
iphone x 64gb prata envio imediato 1 ano garantia brasil	"iphone x prata 64gb tela 5.8"" ios 11 4g wi-fi câmera 12mp - apple"	iphone x		 64gb
samsung galaxy a7 2017 a720f preto 32gb.7 4g 16mp 3gb+ nota	usado: samsung galaxy a7 2017 32gb dual a720f/ds preto	galaxy a7		 32gb
smartphone samsung galaxy j2 pro preto, tela 5  android 7.1,	smartphone samsung galaxy j2 core - preto	galaxy j2		
smartphone motorola moto e4 plus xt1771 xt1773 16gb 5.5 gold	usado: motorola moto e4 plus 16gb ouro	moto e4 plus		 16gb
smartphone samsung galaxy j7 pro 2017 sm-j730gm dual sim 32g	usado: samsung galaxy j7 2016 metal dourado muito bom - trocafone	galaxy j7		
motorola moto g5s xt1792 anatel 32gb nf-e dourado i vitrine	"smartphone motorola moto g5s plus dual chip android 7.1.1 nougat tela 5.5"" snapdragon 625 32gb 4g 13mp câmera dupla - platinum"	moto g5		 32gb
smartphone motorola moto c plus android 7.0 16gb dual chip	"smartphone motorola moto c plus dual chip android 7.0 tela 5"" quad-core 16gb 4g wi-fi câmera 8mp - preto"	moto c plus		 16gb
celular samsung galaxy j2 pro dourado android 7.1 16gb	smartphone samsung galaxy j2 core - preto	galaxy j2		
iphone 7 plus 256gb lacrado nf garantia apple + 2 brindes	"iphone 7 plus 256gb ouro rosa tela retina hd 5,5"" 3d touch câmera dupla de 12mp - apple"	iphone 7 plus		 256gb
iphone x 256 gb novo lacrado anatel cpo	iphone x 256gb	iphone x		
samsung a7 2017 64gb novo a720 lacrado anatel 3gb ram 16mp	smartphone sony xperia xz f8332 3gb/64gb lte dual sim tela 5,2		 3gb	/64gb
apple iphone 7 plus 256gb lacrado garantia um ano +2 brindes	"iphone 7 plus 256gb ouro rosa tela retina hd 5,5"" 3d touch câmera dupla de 12mp - apple"	iphone 7 plus		 256gb
smartphone samsung a530f galaxy a8 duos dual tela 5.6 64gb	celular smartphone samsung galaxy a8+ 2018 dual chip	galaxy a8+		
smartphone samsung a530f galaxy a8 duos dual tela 5.6 64gb	celular smartphone samsung galaxy a8+ 2018 dual chip	galaxy a8+		
celular samsung galaxy j5 prime 32gb biometria 13mp +brindes	semi novo - smartphone samsung galaxy j5 prime dourado 32gb 5.0 android 7.0 nougat sm-g570m/ds - bom	galaxy j5 prime		 32gb
motorola moto g6 play 32gb tela 5,7 xt1922-5 nota + brinde	"smartphone motorola moto g6 32gb dual chip android oreo - 8.0 tela 5.7"" octa-core 1.8 ghz 4g câmera 12 + 5mp (dual traseira) - índigo"	moto g6		 32gb
iphone x 64 gb novo original anatel e case	iphone x 256gb	iphone x		
samsung a8 + plus a730 lançamento 64gb tela 6 novo 4gb ram	phonestation meizu m6 note preto, tela 5.5”, 4gb ram, 64gb, 4000 mah, câmara dupl		 4gb	 64gb
celular samsung galaxy j5 prime rose g570m tela 5  32gb 13mp	semi novo - smartphone samsung galaxy j5 prime dourado 32gb 5.0 android 7.0 nougat sm-g570m/ds - bom	galaxy j5 prime		 32gb
celular motorola moto g6 play índigo android 8.0 32gb 4g	"smartphone motorola moto g6 32gb dual chip android oreo - 8.0 tela 5.7"" octa-core 1.8 ghz 4g câmera 12 + 5mp (dual traseira) - índigo"	moto g6		 32gb
smartphone moto c xt1758 16gb tela 5 5mp/2mp 100%original	"smartphone motorola moto c xt1754 5.0"" 16gb 5mp+2mp dourado"	moto c		 16gb
smartphone motorola moto g6 play 32gb índigo xt1922/i	"smartphone motorola moto g6 32gb dual chip android oreo - 8.0 tela 5.7"" octa-core 1.8 ghz 4g câmera 12 + 5mp (dual traseira) - índigo"	moto g6		 32gb
smartphone motorola moto g6 plus 64gb índigo xt1926/i	"smartphone motorola moto g6 plus dual chip android oreo - 8.0 tela 5.9"" octa-core 2.2 ghz 64gb 4g câmera 12 + 5mp (dual traseira) - índigo"	moto g6 plus		 64gb
motorola moto g5s plus dual 32gb 5.5 13+13mp/8mp - novo	"smartphone motorola moto g5s plus dual chip android 7.1.1 nougat tela 5.5"" snapdragon 625 32gb 4g 13mp câmera dupla - platinum"	moto g5		 32gb
apple iphone 8 64gb (lacrado original) - red (vermelho)	usado: iphone 8 apple 64gb cinza espacial	iphone 8		 64gb
celular  samsung galaxy j7 prime 2 32gb preto + tv digital	"smartphone samsung galaxy j7 prime 2 dual chip android 7.1 tela 5.5"" octa-core 1.6ghz 32gb 4g câmera 13mp com tv - dourado"	galaxy j7 prime		 32gb
iphone 6 plus 64gb tela 5'5 12mp 4k touchid apple rfb desbl.	usado: iphone 6 plus apple 64gb cinza espacial - bom	iphone 6 plus		 64gb
smartphone samsung galaxy j7 neo tv tela 5.5 , android	usado: samsung galaxy j7 2016 metal dourado muito bom - trocafone	galaxy j7		
iphone 8 plus 64gb 4g com 1 ano garantia apple nota fiscal	"iphone 8 plus 64gb ouro  tela 5.5"" ios 12 4g câmera 12mp - apple"	iphone 8 plus		 64gb
celular galaxy j7 neo tv tela 5.5 android + brinde	usado: samsung galaxy j7 2016 metal dourado muito bom - trocafone	galaxy j7		
samsung galaxy s9+	teclado bluetooth original para samsung galaxy s9 sm-g9600 x-folding touch pro	galaxy s9		
motorola xt1710 moto z2 play dual chip 64gb original | novo	usado: motorola moto z2 play 64gb ouro excelente - trocafone	moto z2		 64gb
apple iphone 8 plus 64gb anatel	"iphone 8 plus 64gb ouro  tela 5.5"" ios 12 4g câmera 12mp - apple"	iphone 8 plus		 64gb
celular motorola moto g6 play índigo 32 gb xt1922	"smartphone motorola moto g6 xt1925-5 4gb+64gb lte dual sim tela max vision full hd+ 5.7"" sensor de impressão digital- índigo"	moto g6		
motorola moto g6 plus dual android 8.0 5.9  64gb 4g 12mp	"smartphone motorola moto g6 plus dual chip android oreo - 8.0 tela 5.9"" octa-core 2.2 ghz 64gb 4g câmera 12 + 5mp (dual traseira) - índigo"	moto g6 plus		 64gb
celular motorola moto g6 play índigo 32 gb xt1922	"smartphone motorola moto g6 xt1925-5 4gb+64gb lte dual sim tela max vision full hd+ 5.7"" sensor de impressão digital- índigo"	moto g6		
celular smartphone motorola moto c xt1750 8gb dual chip	motorola moto c 8gb xt1750	moto c	 8gb	
celular samsung galaxy s9 plus preto 128gb tela infinita 6.2	"smartphone samsung galaxy s9 dual chip android 8.0 tela 5.8"" octa-core 2.8ghz 128gb 4g câmera 12mp - preto"	galaxy s9		 128gb
celular motorola moto g6 play índigo android 8.0 32gb 4g	"smartphone motorola moto g6 32gb dual chip android oreo - 8.0 tela 5.7"" octa-core 1.8 ghz 4g câmera 12 + 5mp (dual traseira) - índigo"	moto g6		 32gb
celular smartphone motorola moto z2 play 64gb gold xt1710-08	usado: motorola moto z2 play 64gb ouro excelente - trocafone	moto z2		 64gb
motorola moto g6 play 32gb índigo xt1922 leia anuncio	"smartphone motorola moto g6 32gb dual chip android oreo - 8.0 tela 5.7"" octa-core 1.8 ghz 4g câmera 12 + 5mp (dual traseira) - índigo"	moto g6		 32gb
celular smartphone moto e4 plus 5.5 16gb biometria dual sim	usado: motorola moto e4 plus 16gb ouro	moto e4 plus		 16gb
motorola xt1925-3 moto g6 32gb nf garantia leia anuncio	"smartphone motorola moto g6 32gb dual chip android oreo - 8.0 tela 5.7"" octa-core 1.8 ghz 4g câmera 12 + 5mp (dual traseira) - índigo"	moto g6		 32gb
celular smartphone galaxy s9 +(plus) 128 gb preto	teclado bluetooth original para samsung galaxy s9 sm-g9600 x-folding touch pro	galaxy s9		
smartphone samsung galaxy j7 neo 16gb tv dual octa dourado	galaxy j7 dual samsung j700m 16gb preto seminovo	galaxy j7		 16gb
smartphone samsung galaxy j7 neo 16gb tv dual octa preto	galaxy j7 dual samsung j700m 16gb preto seminovo	galaxy j7		 16gb
celular barato original motorola g5 s 32gb envio24h 4 gb ram	iphone se 32gb ouro rosa ios 4g câmera 12mp - apple			 32gb
smartphone sony xperia xa1 ultra g3223 32gb 1sim	iphone se 32gb ouro rosa ios 4g câmera 12mp - apple			 32gb
celular moto g6 play dual chip 5.7  32gb 4g 13mp	"smartphone motorola moto g6 32gb dual chip android oreo - 8.0 tela 5.7"" octa-core 1.8 ghz 4g câmera 12 + 5mp (dual traseira) - índigo"	moto g6		 32gb
celular lg k10 power lgm320tv dual chip 4g wi-fi	lenovo vibe c2 k10a40 dual chip android 6.0 4g wifi processador quad core	k10		
apple iphone 6 64gb rfb lacrado! oferta imperdível! confira!	usado: iphone 6 64gb dourado muito bom - trocafone	iphone 6		 64gb
smartphone lg k10 novo m250ds dourado novo com nota fiscal	lenovo vibe c2 k10a40 dual chip android 6.0 4g wifi processador quad core	k10		
celular galaxy j7 pro preto + office 365 personal 1tb	usado: samsung galaxy j7 2016 metal dourado muito bom - trocafone	galaxy j7		
motorola moto g5s plus 32gb g 5s xt1805 2chip 4k 13mp	"smartphone motorola moto g5s plus dual chip android 7.1.1 nougat tela 5.5"" snapdragon 625 32gb 4g 13mp câmera dupla - platinum"	moto g5		 32gb
motorola moto g5s plus 32gb g 5s xt1805 2chip 4k 13mp	"smartphone motorola moto g5s plus dual chip android 7.1.1 nougat tela 5.5"" snapdragon 625 32gb 4g 13mp câmera dupla - platinum"	moto g5		 32gb
smartphone alcatel a3 xl max dourado 32gb 3gb ram quad-core	"smartphone tcl t7, preto, tela 5.7"", 4g, 12mp e frontal dupla 13mp/5mp, octacore, 3gb ram, 32gb, fingerprint, desbloqueio facial+5mp, 32gb"		 3gb	 32gb
motorola moto g5s plus dual sim 32gb special edition lacrado	"smartphone motorola moto g5s plus dual chip android 7.1.1 nougat tela 5.5"" snapdragon 625 32gb 4g 13mp câmera dupla - platinum"	moto g5		 32gb
celular lg k4 8gb x230ds 2017 dual sim 8mpx 5  novo original	"smartphone lg k4 novo dual chip android 6.0 marshmallow tela 5"" quadcore 8gb 4g câmera 5mp - azul"	k4	 8gb	
celular samsung galaxy j7 prime 2 32gb dourado + tv digital	"smartphone samsung galaxy j7 prime 2 dual chip android 7.1 tela 5.5"" octa-core 1.6ghz 32gb 4g câmera 13mp com tv - dourado"	galaxy j7 prime		 32gb
celular samsung galaxy j7 prime 2 32gb dourado + tv digital	"smartphone samsung galaxy j7 prime 2 dual chip android 7.1 tela 5.5"" octa-core 1.6ghz 32gb 4g câmera 13mp com tv - dourado"	galaxy j7 prime		 32gb
celular  samsung galaxy j7 prime 2 32gb preto + tv digital	"smartphone samsung galaxy j7 prime 2 dual chip android 7.1 tela 5.5"" octa-core 1.6ghz 32gb 4g câmera 13mp com tv - dourado"	galaxy j7 prime		 32gb
celular smartphone lg k4 android barato 2017 whats original	smartphone lg k4 x230ds 8gb	k4		
apple iphone 6 64gb novo lacrado com nota fiscal	usado: iphone 6 64gb dourado muito bom - trocafone	iphone 6		 64gb
motorola moto g6 plus dual android 8.0 5.9 64gb 4g 12mp	"smartphone motorola moto g6 plus dual chip android oreo - 8.0 tela 5.9"" octa-core 2.2 ghz 64gb 4g câmera 12 + 5mp (dual traseira) - índigo"	moto g6 plus		 64gb
celular new 100% original motorola moto z2 play 64gb xt1710	usado: motorola moto z2 play 64gb ouro excelente - trocafone	moto z2		 64gb
celular positivo twist mini tela 4.0 8mp 8gb 3g android 6.0	celular smartphone multilaser 3g quad core 5,5” 8gb 8mp android 8.1 ms50g nb736 pret		 8gb	
celular samsung galaxy a8 plus 6  64gb 4g 16mp	"smartphone samsung galaxy a8 plus dual chip android 7.1 tela 6"" octa-core 2.2ghz 64gb 4g câmera 16mp - preto"	galaxy a8		 64gb
iphone 8 plus apple 64gb retina hd 5,5 ios 11 4g espacial	"iphone 8 plus 64gb ouro  tela 5.5"" ios 12 4g câmera 12mp - apple"	iphone 8 plus		 64gb
iphone 8 apple plus com 64gb dourado	usado: iphone 8 apple 64gb cinza espacial	iphone 8		 64gb
smartphone motorola moto z3 play stereo speaker 64gb tela 6	"smartphone motorola moto z3 play - power pack & dtv edition dual chip android oreo - 8.0 tela 6"" octa-core 1.8 ghz 64gb 4g câmera 12 + 5mp (dual traseira) - índigo"	moto z3		 64gb
oneplus 6 128gb dual chip tela 6.28 8gb 16mpx original nf	smartphone oneplus 6 dual chip android 8.1 tela 6.2 128gb 8gb ram câmera 16mp20mp bivolt		 8gb	 128gb
motorola xt1900 moto x4 dual 32gb 4g nf-e original | novo	"smartphone motorola moto x4 dual cam android 7.0 tela 5.2"" octa-core 32gb wi-fi 4g câmera 12mp - azul topázio"	moto x4		 32gb
smartphone motorola moto g6 play 32gb 3gb octacore - ouro	moto g6 xt1925-2, 32gb, 3gb ram, dual chip	moto g6	 3gb	 32gb
iphone 8 64gb vermelho lacrado nf anatel 3388,88 avista	usado: iphone 8 apple 64gb cinza espacial	iphone 8		 64gb
motorola moto g6 play xt1922 nf lacrado	"smartphone motorola moto g6 xt1925-5 4gb+64gb lte dual sim tela max vision full hd+ 5.7"" sensor de impressão digital- índigo"	moto g6		
smartphone motorola moto z3 play 64gb indigo lacrado	"smartphone motorola moto z3 play - power pack & dtv edition dual chip android oreo - 8.0 tela 6"" octa-core 1.8 ghz 64gb 4g câmera 12 + 5mp (dual traseira) - índigo"	moto z3		 64gb
iphone 6 16gb original desbloqueado usado 100% funcionando c	usado: iphone 6 apple 16gb cinza espacial	iphone 6		 16gb
smartphone samsung galaxy s8 + plus tela 6.2 dual sim 64gb	smartphone samsung galaxy s8+ g955f, 6,2”, 64 gb, 4g, octa-core, câmera 12 mp, preto	galaxy s8+		
celular smartphone motorola moto z3 play indigo tela 6	"smartphone motorola moto z3 play projector edition indigo tela 6"" android 8.1.0 oreo câm 12mp + 5mp "	moto z3		
celular smartphone motorola moto z3 play indigo tela 6	"smartphone motorola moto z3 play projector edition indigo tela 6"" android 8.1.0 oreo câm 12mp + 5mp "	moto z3		
celular motorola moto z3 play 64gb indigo	"smartphone motorola moto z3 play - power pack & dtv edition dual chip android oreo - 8.0 tela 6"" octa-core 1.8 ghz 64gb 4g câmera 12 + 5mp (dual traseira) - índigo"	moto z3		 64gb
celular smartphone samsung galaxy s9+ cinza tela 6.2  128gb	teclado bluetooth original para samsung galaxy s9 sm-g9600 x-folding touch pro	galaxy s9		
iphone 8 plus 64gb garantia de 1 ano  apple novo lacrado!!!	"iphone 8 plus 64gb ouro  tela 5.5"" ios 12 4g câmera 12mp - apple"	iphone 8 plus		 64gb
smartphone motorola moto g6 play dourado 32 gb xt1922/o	"smartphone motorola moto g6 xt1925-5 4gb+64gb lte dual sim tela max vision full hd+ 5.7"" sensor de impressão digital- índigo"	moto g6		
celular samsung galaxy j7 prime 2 32gb  + tv digital nf	"smartphone samsung galaxy j7 prime 2 dual chip android 7.1 tela 5.5"" octa-core 1.6ghz 32gb 4g câmera 13mp com tv - dourado"	galaxy j7 prime		 32gb
smartphone motorola moto c plus xt1723 dualchip16gb original	"smartphone moto c plus xt1726 5.0"" 8 gb tv 4g wi fi android 7.0 nougat bivolt"	moto c plus		
smartphone motorola moto z3 play power pack dtv 64gb índigo	"smartphone motorola moto z3 play - power pack & dtv edition dual chip android oreo - 8.0 tela 6"" octa-core 1.8 ghz 64gb 4g câmera 12 + 5mp (dual traseira) - índigo"	moto z3		 64gb
smartphone samsung galaxy s7 edge 128gb blackpiano+ nota	"smartphone samsung galaxy s7 edge android 6.0 tela 5.5"" 128gb 4g câmera 12mp - black piano"	galaxy s7 edge		 128gb
celular samsung j400m galaxy j4 preto 32 gb	celular samsung galaxy j4 core sm-j410g dual 16 gb - azul	galaxy j4		
motorola moto g5 plus xt1683 promoção vitrine anatel 32gb	usado: motorola moto g5 plus ouro muito bom - trocafone	moto g5 plus		
smartphone motorola moto e5 plus dual chip prom dia das cria	celular motorola moto e5 plus biometria super tela 6 32g memoria interna - 3g ram	moto e5 plus		
celular samsung j400m galaxy j4 prata 32 gb	celular samsung galaxy j4 core sm-j410g dual 16 gb - azul	galaxy j4		
celular samsung j400m galaxy j4 preto 16 gb	celular samsung galaxy j4 core sm-j410g dual 16 gb - azul	galaxy j4		
celular motorola moto g6 play 32gb 4g android 8.0 índigo	"smartphone motorola moto g6 32gb dual chip android oreo - 8.0 tela 5.7"" octa-core 1.8 ghz 4g câmera 12 + 5mp (dual traseira) - índigo"	moto g6		 32gb
iphone 8 plus 64gb dourado nota fiscal lacrado	"iphone 8 plus 64gb ouro  tela 5.5"" ios 12 4g câmera 12mp - apple"	iphone 8 plus		 64gb
iphone 8 plus 64gb + nota fiscal + lacrado  (avista 3888,88)	"iphone 8 plus 64gb ouro  tela 5.5"" ios 12 4g câmera 12mp - apple"	iphone 8 plus		 64gb
iphone 6 16gb novo lacrado com nota fiscal envio imediato	usado: iphone 6 apple 16gb cinza espacial	iphone 6		 16gb
smartphone motorola moto g6 play dourado 32 gb xt1922	"smartphone motorola moto g6 xt1925-5 4gb+64gb lte dual sim tela max vision full hd+ 5.7"" sensor de impressão digital- índigo"	moto g6		
celular motorola moto g6 play dourado 32 gb xt1922	"smartphone motorola moto g6 xt1925-5 4gb+64gb lte dual sim tela max vision full hd+ 5.7"" sensor de impressão digital- índigo"	moto g6		
motorola moto g6 play xt1922 novo lacrado anatel nf dourado	"smartphone motorola moto g6 xt1925-5 4gb+64gb lte dual sim tela max vision full hd+ 5.7"" sensor de impressão digital- índigo"	moto g6		
celular motorola moto g6 play dourado 32 gb	"smartphone motorola moto g6 xt1925-5 4gb+64gb lte dual sim tela max vision full hd+ 5.7"" sensor de impressão digital- índigo"	moto g6		
celular motorola moto g6 play 32gb 4g android 8.0 dourado	"smartphone motorola moto g6 32gb dual chip android oreo - 8.0 tela 5.7"" octa-core 1.8 ghz 4g câmera 12 + 5mp (dual traseira) - índigo"	moto g6		 32gb
iphone 8 64gb lacrado nf	usado: iphone 8 apple 64gb cinza espacial	iphone 8		 64gb
motorola moto g6 plus dual android 8.0 5.9  64gb 4g 12mp	"smartphone motorola moto g6 plus dual chip android oreo - 8.0 tela 5.9"" octa-core 2.2 ghz 64gb 4g câmera 12 + 5mp (dual traseira) - índigo"	moto g6 plus		 64gb
celular iphone 7 32gb original apple vitrine nf desbloqueado	usado: iphone 7 apple 32gb preto matte	iphone 7		 32gb
celular motorola moto g5s plus xt1805 32gb brinde notafiscal	"smartphone motorola moto g5s plus dual chip android 7.1.1 nougat tela 5.5"" snapdragon 625 32gb 4g 13mp câmera dupla - platinum"	moto g5		 32gb
apple iphone x 256gb preto - lacrado garantia 1 ano	usado: iphone x apple 256gb cinza	iphone x		 256gb
celular smartphone moto e4 plus 5.5 16gb biometria dual sim	usado: motorola moto e4 plus 16gb ouro	moto e4 plus		 16gb
smartphone motorola moto z3 play 128gb dual android 8.1 ônix	"smartphone motorola moto z3 play 128gb  dual chip android oreo - 8.0 tela 6"" octa-core 1.8 ghz 4g câmera 12 + 5mp (dual traseira) - ônix"	moto z3		 128gb
smartphone motorola moto z3 play 128gb dual android 8.1 ônix	"smartphone motorola moto z3 play 128gb  dual chip android oreo - 8.0 tela 6"" octa-core 1.8 ghz 4g câmera 12 + 5mp (dual traseira) - ônix"	moto z3		 128gb
apple iphone 8 64gb - lacrado - anatel	usado: iphone 8 apple 64gb cinza espacial	iphone 8		 64gb
promoção celular smartphone moto e4 plus 5.5 16gb top	usado: motorola moto e4 plus 16gb ouro	moto e4 plus		 16gb
promoção celular smartphone moto e4 plus 5.5 16gb biometria	usado: motorola moto e4 plus 16gb ouro	moto e4 plus		 16gb
celular samsung galaxy j5 pro sm-j530g dual chip dourado	usado: samsung galaxy j5 2016 metal dourado muito bom - trocafone	galaxy j5		
celular samsung galaxy j7 prime 2 32gb dourado + tv digital	"smartphone samsung galaxy j7 prime 2 dual chip android 7.1 tela 5.5"" octa-core 1.6ghz 32gb 4g câmera 13mp com tv - dourado"	galaxy j7 prime		 32gb
celular  samsung galaxy j7 prime 2 32gb preto + tv digital	"smartphone samsung galaxy j7 prime 2 dual chip android 7.1 tela 5.5"" octa-core 1.6ghz 32gb 4g câmera 13mp com tv - dourado"	galaxy j7 prime		 32gb
celular samsung j400m galaxy j4 violeta 32 gb	celular samsung galaxy j4 core sm-j410g dual 16 gb - azul	galaxy j4		
celular samsung j400m galaxy j4 preto 32 gb	celular samsung galaxy j4 core sm-j410g dual 16 gb - azul	galaxy j4		
celular samsung j400m galaxy j4 dourado 32 gb	celular samsung galaxy j4 core sm-j410g dual 16 gb - azul	galaxy j4		
celular motorola moto g6 play 32gb android 8 4g+microsd 16gb	"smartphone motorola moto g6 32gb dual chip android oreo - 8.0 tela 5.7"" octa-core 1.8 ghz 4g câmera 12 + 5mp (dual traseira) - índigo"	moto g6		 32gb
motorola moto e5 plus grafite	celular motorola moto e5 plus biometria super tela 6 32g memoria interna - 3g ram	moto e5 plus		
apple iphone 8 64gb - vitrine garantia 3 meses promoção.	usado: iphone 8 apple 64gb cinza espacial	iphone 8		 64gb
smartphone samsung galaxy j7 prime 2 dourado 32gb dual chip	"smartphone samsung galaxy j7 prime 2 dual chip android 7.1 tela 5.5"" octa-core 1.6ghz 32gb 4g câmera 13mp com tv - dourado"	galaxy j7 prime		 32gb
iphone 6 16gb novo! lacrado! original! garantia 3 meses	usado: iphone 6 apple 16gb cinza espacial	iphone 6		 16gb
iphone 6 64gb novo! lacrado! garantia de 03 meses vendedor	usado: iphone 6 64gb dourado muito bom - trocafone	iphone 6		 64gb
smartphone motorola moto g6 plus 64gb azul topázio	"smartphone motorola moto g6 plus dual chip android oreo - 8.0 tela 5.9"" octa-core 2.2 ghz 64gb 4g câmera 12 + 5mp (dual traseira) - índigo"	moto g6 plus		 64gb
samsung galaxy s5 g900m 16gb original usado mancha na tela	"smartphone samsung galaxy s5 desbloqueado android 4.4.2 tela 5.1"" 16gb 4g wi-fi câmera 16 mp - branco"	galaxy s5		 16gb
motorola moto c plus xt1723 dual chip 16gb 2g de ram c nf	"smartphone motorola moto c plus dual chip android 7.0 tela 5"" quad-core 16gb 4g wi-fi câmera 8mp - preto"	moto c plus		 16gb
smartphone motorola moto g6 plus 64gb octacore2.2ghz topazio	"smartphone motorola moto g6 plus dual chip android oreo - 8.0 tela 5.9"" octa-core 2.2 ghz 64gb 4g câmera 12 + 5mp (dual traseira) - índigo"	moto g6 plus		 64gb
samsung galaxy s9+ s9 plus anatel 128gb lacrado nf garantia	"smartphone samsung galaxy s9+ dual chip android 8.0 tela 6.2"" octa-core 2.8ghz 128gb 4g câmera 12mp dual cam - cinza"	galaxy s9+		 128gb
celular moto g5s plus 32gb 3gb ram platin+brinde+nota fiscal	"smartphone motorola moto g5s plus xt1805 dual sim 32gb 3gb ram 5.5"" full hd 13+13mp/8mp hdr+ sensor digital- dourado"	moto g5	 3gb	 32gb
celular moto c plus dual chip 16gb preto	"smartphone motorola moto c plus dual chip android 7.0 tela 5"" quad-core 16gb 4g wi-fi câmera 8mp - preto"	moto c plus		 16gb
smartphone lenovo k8 plus 32gb mem 3gb ram dual 4g 5.2pol	"smartphone lenovo k8 note xt1902 3gb/32gb lte dual sim tela 5.5"" câm.13mp/5mp+13mp-dou/eu"	k8	 3gb	/32gb
smartphone meizu m5c dual sim 4g 2gb ram 16gb - preto	"smartphone meizu m5c 5"" hd 2gb ram 16gb dual chip 4g quadcore câmera 8mp/5mp - preto"		 2gb	 16gb
samsung galaxy s9 tela 5,8 128gb 12mp original anatel + nf	"smartphone samsung galaxy s9 dual chip android 8.0 tela 5.8"" octa-core 2.8ghz 128gb 4g câmera 12mp - preto"	galaxy s9		 128gb
celular samsung galaxy j5 pro sm-j530g/ds 32gb dourado	usado: samsung galaxy j5 pro 32gb dourado	galaxy j5		 32gb
smartphone samsung galaxy a7 2017 64gb rosa	"smartphone samsung galaxy a7 64gb dual chip android 8.0 tela 6"" octa-core 2.2ghz 4g câmera triple - preto"	galaxy a7		 64gb
apple iphone 8 plus 256gb lacrado 1 ano de garantia	iphone 8 plus apple 256gb prata seminovo	iphone 8 plus		 256gb
samsung galaxy s9 128gb 5.8 2.8ghz  12mp lacrado anatel +nfe	"smartphone samsung galaxy s9 dual chip android 8.0 tela 5.8"" octa-core 2.8ghz 128gb 4g câmera 12mp - preto"	galaxy s9		 128gb
iphone x 256 gb lacrado original apple 1 ano de garantia nf	iphone x 256gb	iphone x		
celular motorola moto g5 xt1677 dual sim 16gb android 7.0	smartphone motorola moto g5 xt1677 dual chip android 7.0 tela 5.0 16gb 4g câmera 13mp bivolt	moto g5		 16gb
smartphone motorola moto g5s plus 32gb mem 3gb ram dual	"smartphone motorola moto g5s plus xt1805 dual sim 32gb 3gb ram 5.5"" full hd 13+13mp/8mp hdr+ sensor digital- dourado"	moto g5	 3gb	 32gb
smartphone meizu m5c dual sim 4g 2gb ram 16gb - preto	"smartphone meizu m5c 5"" hd 2gb ram 16gb dual chip 4g quadcore câmera 8mp/5mp - preto"		 2gb	 16gb
iphone 6 plus 64gb lacrado e cabo lighting	usado: iphone 6 plus apple 64gb cinza espacial - bom	iphone 6 plus		 64gb
samsung galaxy s9 128gb preto sm-g9600/ds anatel lacrado	"smartphone samsung galaxy s9 dual chip android 8.0 tela 5.8"" octa-core 2.8ghz 128gb 4g câmera 12mp - preto"	galaxy s9		 128gb
celular samsung galaxy a8 plus 2018 sm-a730f 64gb dourado	"smartphone samsung galaxy a8 plus dual chip android 7.1 tela 6"" octa-core 2.2ghz 64gb 4g câmera 16mp - preto"	galaxy a8		 64gb
celular samsung galaxy a8 plus 2018 sm-a730f 64gb preto	"smartphone samsung galaxy a8 plus dual chip android 7.1 tela 6"" octa-core 2.2ghz 64gb 4g câmera 16mp - preto"	galaxy a8		 64gb
iphone x 64gb novo lacrado anatel nf garantia apple prata	"iphone x prata 64gb tela 5.8"" ios 11 4g wi-fi câmera 12mp - apple"	iphone x		 64gb
iphone x 256gb lacrado garantia 1 ano parcelamento sem juros	usado: iphone x apple 256gb cinza	iphone x		 256gb
samsung galaxy j7 prime 32gb original usado	"smartphone samsung galaxy j7 prime 2 dual chip android 7.1 tela 5.5"" octa-core 1.6ghz 32gb 4g câmera 13mp com tv - dourado"	galaxy j7 prime		 32gb
smartphone motorola moto z2 play xt1710 4gb/64gb 5.5'' dual	smartphone moto z2 play 64gb 4gb dual chip - dourado	moto z2	 4gb	 64gb
celular samsung galaxy j7 pro 64gb 5.5  64gb 4g 13mp	semi novo - smartphone samsung galaxy j7 pro preto 64gb 5.5 android 8.0 oreo sm-j730g/ds - muito bom	galaxy j7		 64gb
smartphone motorola moto g5s xt1794 dual sim 32gb 5.2 16mp	"smartphone motorola moto g5s plus dual chip android 7.1.1 nougat tela 5.5"" snapdragon 625 32gb 4g 13mp câmera dupla - platinum"	moto g5		 32gb
iphone 6 16gb novo lacrado original apple 6 mês garantia	usado: iphone 6 apple 16gb cinza espacial	iphone 6		 16gb
iphone 6 plus 16gb novo lacrado original apple 6 mês garanti	usado: iphone 6 plus 16gb cinza espacial bom - trocafone	iphone 6 plus		 16gb
iphone 6 64gb novo! lacrado! garantia de 6 meses vendedor	usado: iphone 6 64gb dourado muito bom - trocafone	iphone 6		 64gb
smartphone samsung galaxy s9 plus preto 128gb, tela infinita	"smartphone samsung galaxy s9 dual chip android 8.0 tela 5.8"" octa-core 2.8ghz 128gb 4g câmera 12mp - preto"	galaxy s9		 128gb
samsung j6 preto tela 5,6 4g 32gb 13mp + nota fiscal + lacr	iphone se 32gb ouro rosa ios 4g câmera 12mp - apple			 32gb
celular samsung a530f galaxy a8 duos dual tela 5.6'' 64gb	celular smartphone samsung galaxy a8+ 2018 dual chip	galaxy a8+		
smartphone lenovo k8 note 32gb 3gb ram 4g dual sim tela 5.5	"smartphone lenovo k8 note xt1902 3gb/32gb lte dual sim tela 5.5"" câm.13mp/5mp+13mp-dou/eu"	k8	 3gb	/32gb
iphone 5s 32gb novo lacrado garantia vendedor 6 meses	usado: iphone 5s apple 32gb dourado - bom	iphone 5s		 32gb
iphone 6 plus 64gb novo lacrado origina apple garantia 6 mes	usado: iphone 6 plus apple 64gb cinza espacial - bom	iphone 6 plus		 64gb
iphone 8 plus 64gb + nota fiscal + lacrado (avista 3888,88)	"iphone 8 plus 64gb ouro  tela 5.5"" ios 12 4g câmera 12mp - apple"	iphone 8 plus		 64gb
celular xiaomi mi a 2 a2 64gb 4g ram global lançamento	"smartphone lg q6 plus dual chip android 7.0 tela 5.5"" full hd+ snapdragon msm8940 64gb 4g câmera 13mp - rose gold"			 64gb
iphone 5s 16gb space gray com nota fiscal	usado: iphone 5s 16gb cinza espacial muito bom - trocafone	iphone 5s		 16gb
smartphone motorola moto e4 plus biometria 3g ram tela 5.5	motorola moto e4 plus 5.5'' dual 4g 16gb	moto e4 plus		
apple iphone x 64gb preto anatel lacrado	"iphone x prata 64gb tela 5.8"" ios 11 4g wi-fi câmera 12mp - apple"	iphone x		 64gb
celular samsung j8 64gb violeta tela 6'' 4g	"smartphone lg q6 plus dual chip android 7.0 tela 5.5"" full hd+ snapdragon msm8940 64gb 4g câmera 13mp - rose gold"			 64gb
celular samsung j8 64gb prata tela 6'' 4g	"smartphone lg q6 plus dual chip android 7.0 tela 5.5"" full hd+ snapdragon msm8940 64gb 4g câmera 13mp - rose gold"			 64gb
smartphone samsung galaxy j5 prime 32gb 13mp +brindes	semi novo - smartphone samsung galaxy j5 prime dourado 32gb 5.0 android 7.0 nougat sm-g570m/ds - bom	galaxy j5 prime		 32gb
samsung galaxy s9+ plus 128gb preto - lacrado nacional	"smartphone samsung galaxy s9+ dual chip android 8.0 tela 6.2"" octa-core 2.8ghz 128gb 4g câmera 12mp dual cam - cinza"	galaxy s9+		 128gb
celular samsung galaxy s4 mini 8gb 3g/lte android 4.4	"smartphone samsung galaxy s4 mini duos dual chip desbloqueado android 4.2 tela 4.3"" 8gb 3g wi-fi câmera 8mp - branco"	galaxy s4 mini	 8gb	
smartphone samsung galaxy s9 plus 128gb anatel/nf/garantia	"smartphone samsung galaxy s9 dual chip android 8.0 tela 5.8"" octa-core 2.8ghz 128gb 4g câmera 12mp - preto"	galaxy s9		 128gb
smartphone samsung a530f galaxy a8 duos dual tela 5.6 64gb	celular smartphone samsung galaxy a8+ 2018 dual chip	galaxy a8+		
smartphone lenovo k8 plus 32gb mem 3gb ram dual 4g	"smartphone lenovo k8 note xt1902 3gb/32gb lte dual sim tela 5.5"" câm.13mp/5mp+13mp-dou/eu"	k8	 3gb	/32gb
galaxy s9+  plus tela 6.2 lacrado desbloqueado anatel	teclado bluetooth original para samsung galaxy s9 sm-g9600 x-folding touch pro	galaxy s9		
smartphone blu vivo xi+ plus dual sim 128gb 6gb ram tela 6.2	"smartphone blu v. xi+ dual sim lte 6.2"" fhd 128gb/6gb preto"		/6gb	 128gb
smartphone motorola g5s plus 32gb android barato celular 4g	iphone se 32gb ouro rosa ios 4g câmera 12mp - apple			 32gb
apple iphone 8 plus 64gb novo lacrado 1 ano garantia anatel	"iphone 8 plus 64gb ouro  tela 5.5"" ios 12 4g câmera 12mp - apple"	iphone 8 plus		 64gb
celular samsung j400m galaxy j4 dourado 32 gb	celular samsung galaxy j4 core sm-j410g dual 16 gb - azul	galaxy j4		
celular samsung j400m galaxy j4 preto 32 gb	celular samsung galaxy j4 core sm-j410g dual 16 gb - azul	galaxy j4		
celular samsung j400m galaxy j4 preto 32 gb	celular samsung galaxy j4 core sm-j410g dual 16 gb - azul	galaxy j4		
motorola moto c plus xt1723 dual sim 16gb 4g vermelho oferta	"smartphone motorola moto c plus dual chip android 7.0 tela 5"" quad-core 16gb 4g wi-fi câmera 8mp - preto"	moto c plus		 16gb
celular samsung j400m galaxy j4 prata 32 gb	celular samsung galaxy j4 core sm-j410g dual 16 gb - azul	galaxy j4		
celular samsung j400m galaxy j4 prata 32 gb	celular samsung galaxy j4 core sm-j410g dual 16 gb - azul	galaxy j4		
celular samsung galaxy j7 prime 2 / 32gb + brinde !!!	"smartphone samsung galaxy j7 prime 2 dual chip android 7.1 tela 5.5"" octa-core 1.6ghz 32gb 4g câmera 13mp com tv - dourado"	galaxy j7 prime		 32gb
moto z2 play 64gb xt1710 5.5 full hd 4gb ram	smartphone moto z2 play 64gb 4gb dual chip - dourado	moto z2	 4gb	 64gb
smartphone  moto z2 play 64gb xt1710 5.5 full hd 4gb ram	smartphone moto z2 play 64gb 4gb dual chip - dourado	moto z2	 4gb	 64gb
motorola moto g6 plus azul topazio dual 5.9  64gb 4g 12mp	"smartphone motorola moto g6 plus dual chip android oreo - 8.0 tela 5.9"" octa-core 2.2 ghz 64gb 4g câmera 12 + 5mp (dual traseira) - índigo"	moto g6 plus		 64gb
samsung j810m galaxy j8 64gb	smartphone samsung galaxy j8 sm-j810m	galaxy j8		
celular j810m galaxy j8 64gb	smartphone samsung galaxy j8 sm-j810m	galaxy j8		
smartphone samsung galaxy j4 j400m 16gb desbloqueado preto	"smartphone samsung galaxy j4 core 16gb nano chip android tela 6"" quad-core 1.4ghz 4g câmera 8mp - cobre"	galaxy j4		 16gb
apple iphone 8 plus 64gb anatel 4g 1 ano de garantia + nf	"iphone 8 plus 64gb ouro  tela 5.5"" ios 12 4g câmera 12mp - apple"	iphone 8 plus		 64gb
celular samsung j400m galaxy j4 violeta 32 gb	celular samsung galaxy j4 core sm-j410g dual 16 gb - azul	galaxy j4		
celular samsung j400m galaxy j4 prata 32 gb	celular samsung galaxy j4 core sm-j410g dual 16 gb - azul	galaxy j4		
apple iphone 8 plus 64gb gold dourado - novo lacrado	"iphone 8 plus 64gb ouro  tela 5.5"" ios 12 4g câmera 12mp - apple"	iphone 8 plus		 64gb
samsung galaxy j7 prime 2 tv	seminovo: samsung galaxy j7 prime rosa usado	galaxy j7 prime		
smartphone samsung galaxy j6 sm-j600g/ds dual sim 32gb .	"smartphone samsung galaxy j6 32gb dual chip android 8.0 tela 5.6"" octa-core 1.6ghz 4g câmera 13mp com tv - preto"	galaxy j6		 32gb
iphone x 256gb modelo 1901 anatel/ com nota fiscal	usado: iphone x apple 256gb cinza	iphone x		 256gb
galaxy s9 plus 128 gb n fiscal ( r$ 2750 em 1x no mp )	teclado bluetooth original para samsung galaxy s9 sm-g9600 x-folding touch pro	galaxy s9		
apple iphone x 64gb preto anatel lacrado	"iphone x prata 64gb tela 5.8"" ios 11 4g wi-fi câmera 12mp - apple"	iphone x		 64gb
